accuracy,precision,recall,f1,roc_auc
0.9385964912280702,0.9452054794520548,0.9583333333333334,0.9517241379310345,0.9884259259259259
